title0,title1,title2,title3,title4
1527856150,1527856150,1527856150,1527856150,1527856150
1527856150,1527856150,1527856150,1527856150,1527856150
1527856150,1527856150,1527856150,1527856150,1527856150
1527856150,1527856150,1527856150,1527856150,1527856150
1527856150,1527856150,1527856150,1527856150,1527856150
1527856150,1527856150,1527856150,1527856150,1527856150
1527856150,1527856150,1527856150,1527856150,1527856150
1527856150,1527856150,1527856150,1527856150,1527856150
1527856150,1527856150,1527856150,1527856150,1527856150
